{"Asset List":[{"Text":[{"Screen Name":"Screen Saver","ID":5000001.0,"ar":"ar","en":"Sports"},{"Screen Name":"Screen Saver","ID":5000002.0,"ar":"ar","en":"Touch the screen"},{"Screen Name":"Sport Selection","ID":5000003.0,"ar":"ar","en":"Choose a Sport"},{"Screen Name":"Sport Selection","ID":5000004.0,"ar":"ar","en":"Sandboarding"},{"Screen Name":"Sport Selection","ID":5000005.0,"ar":"ar","en":"Gymnastics"},{"Screen Name":"Sport Selection","ID":5000006.0,"ar":"ar","en":"Horse Racing"},{"Screen Name":"Sport Selection","ID":5000007.0,"ar":"ar","en":"Bungee jumping"},{"Screen Name":"Sport Selection","ID":5000008.0,"ar":"ar","en":"Ice Skating"},{"Screen Name":"Sandboarding_Info","ID":5000009.0,"ar":"ar","en":"Sandboarding"},{"Screen Name":"Sandboarding_Info","ID":5000010.0,"ar":"ar","en":"Sandboarding is a board sport similar to snowboarding. The real art \nof sandboarding is balancing your weight with your feet\n fixed to a sandboard whilst skimming down a sand dune"},{"Screen Name":"Sandboarding_Where to play in Dubai","ID":5000011.0,"ar":"ar","en":"Where to Play in Dubai"},{"Screen Name":"Sandboarding_Where to play in Dubai","ID":5000012.0,"ar":"ar","en":"In Dubai's sand dunes"},{"Screen Name":"Sandboarding_Where to play in Dubai","ID":5000013.0,"ar":"ar","en":"Hop on a sandboard, and with instructions from your\n guide, slide, steer, and surf down the orange slopes"},{"Screen Name":"Sandboarding_Tab name","ID":5000014.0,"ar":"ar","en":"Gallery"},{"Screen Name":"Sandboarding_Tab name","ID":5000015.0,"ar":"ar","en":"Video"},{"Screen Name":"Gymnastics_Info","ID":5000016.0,"ar":"ar","en":"Gymnastics"},{"Screen Name":"Gymnastics_Info","ID":5000017.0,"ar":"ar","en":"Gymnastics is a sport in which athletes called gymnasts\n perform acrobatic feats \u2013 leaps, flips, turns, handstands and more"},{"Screen Name":"Gymnastics_Where to Play in Dubai","ID":5000018.0,"ar":"ar","en":"Where to Play in Dubai"},{"Screen Name":"Gymnastics_Where to Play in Dubai","ID":5000019.0,"ar":"ar","en":"Dubai Olympic Gymnastics Club (DOGC) "},{"Screen Name":"Gymnastics_Where to Play in Dubai","ID":5000020.0,"ar":"ar","en":"It is the home of sporting champions and all lovers of gymnastics!"},{"Screen Name":"Gymnastics_Tab name","ID":5000021.0,"ar":"ar","en":"Gallery"},{"Screen Name":"Gymnastics_Tab name","ID":5000022.0,"ar":"ar","en":"Video"},{"Screen Name":"Horse Racing_Info","ID":5000023.0,"ar":"ar","en":"Horse Racing"},{"Screen Name":"Horse Racing_Info","ID":5000024.0,"ar":"ar","en":"Horse racing, sport of running horses at speed, mainly\n Thoroughbreds with a rider astride or Standardbreds with \nthe horse pulling a conveyance with a driver"},{"Screen Name":"Horse Racing_Where to Play in Dubai","ID":5000025.0,"ar":"ar","en":"Where to Play in Dubai"},{"Screen Name":"Horse Racing_Where to Play in Dubai","ID":5000026.0,"ar":"ar","en":"Meydan Race Course"},{"Screen Name":"Horse Racing_Where to Play in Dubai","ID":5000027.0,"ar":"ar","en":"- Accommodates over 60,000 spectators\nOpened on 27 March 2010, replacing Nad Al Sheba \nRace Course"},{"Screen Name":"Horse Racing_Tab name","ID":5000028.0,"ar":"ar","en":"Gallery"},{"Screen Name":"Horse Racing_Tab name","ID":5000029.0,"ar":"ar","en":"Video"},{"Screen Name":"Bungee jumping_Info","ID":5000030.0,"ar":"ar","en":"Bungee jumping"},{"Screen Name":"Bungee jumping_Info","ID":5000031.0,"ar":"ar","en":"Bungee jumping is an extreme sport in which people jump from\n higher ground such as a bridge with an elastic rope tied to their\n ankles to stop them from hitting the ground. "},{"Screen Name":"Bungee jumping_Where to Play in Dubai","ID":5000032.0,"ar":"ar","en":"Where to Play in Dubai"},{"Screen Name":"Bungee jumping_Where to Play in Dubai","ID":5000033.0,"ar":"ar","en":"Gravity Zone "},{"Screen Name":"Bungee jumping_Where to Play in Dubai","ID":5000034.0,"ar":"ar","en":"- Gravity Zone brings an adrenaline filled and awe inspiring\n adventure to the awe inspiring city of Dubai in the\n form of our 50m Bungee Jump."},{"Screen Name":"Bungee jumping_Tab name","ID":5000035.0,"ar":"ar","en":"Gallery"},{"Screen Name":"Bungee jumping_Tab name","ID":5000036.0,"ar":"ar","en":"Video"},{"Screen Name":"Ice Skating_Info","ID":5000037.0,"ar":"ar","en":"Ice Skating"},{"Screen Name":"Ice Skating_Info","ID":5000038.0,"ar":"ar","en":"Ice skating is a sport in which people slide over a smooth\n ice surface on steel-bladed skates\nIce skating occurs both on specially prepared ice surfaces"},{"Screen Name":"Ice Skating_Where to Play in Dubai","ID":5000039.0,"ar":"ar","en":"Where to Play in Dubai"},{"Screen Name":"Ice Skating_Where to Play in Dubai","ID":5000040.0,"ar":"ar","en":"Dubai Ice Rink"},{"Screen Name":"Ice Skating_Where to Play in Dubai","ID":5000041.0,"ar":"ar","en":"Push the tempo on ice skating with scintillating disco sessions at Dubai\n Ice Rink. Every night get into the groove with two hours of ice skating excitement"},{"Screen Name":"Ice Skating_Tab name","ID":5000042.0,"ar":"ar","en":"Gallery"},{"Screen Name":"Ice Skating_Tab name","ID":5000043.0,"ar":"ar","en":"Video"}]},{"Image":[{"Name":10001.0,"Screen Name":"Language Selection ","Resolution":"1920*1080","File Name":"1000001.png","ID":1000001.0,"ar":"en","en":"en"},{"Name":10001.0,"Screen Name":"Language Selection ","Resolution":"1920*1080","File Name":"1000002.png","ID":1000002.0,"ar":"en","en":"en"},{"Name":10001.0,"Screen Name":"Language Selection ","Resolution":"1920*1080","File Name":"1000003.png","ID":1000003.0,"ar":"en","en":"en"},{"Name":10001.0,"Screen Name":"Language Selection ","Resolution":"1920*1080","File Name":"1000004.png","ID":1000004.0,"ar":"en","en":"en"},{"Name":10001.0,"Screen Name":"Language Selection ","Resolution":"1920*1080","File Name":"1000005.png","ID":1000005.0,"ar":"en","en":"en"},{"Name":10002.0,"Screen Name":"Menu","Resolution":"100*100","File Name":"1000006.png","ID":1000006.0,"ar":"en","en":"en"},{"Name":10003.0,"Screen Name":"Ice skating_Info","Resolution":"1920*1080","File Name":"1000007.png","ID":1000007.0,"ar":"en","en":"en"},{"Name":10003.0,"Screen Name":"Ice skating_Info","Resolution":"11*48","File Name":"1000008.png","ID":1000008.0,"ar":"en","en":"en"},{"Name":10003.0,"Screen Name":"Ice skating_Info","Resolution":"40*31","File Name":"1000009.png","ID":1000009.0,"ar":"en","en":"en"},{"Name":10003.0,"Screen Name":"Ice skating_Info","Resolution":"13*17","File Name":"1000010.png","ID":1000010.0,"ar":"en","en":"en"},{"Name":10003.0,"Screen Name":"Ice skating_Info","Resolution":"29*41","File Name":"1000011.png","ID":1000011.0,"ar":"en","en":"en"},{"Name":10003.0,"Screen Name":"Ice skating_Info","Resolution":"1323*1010","File Name":"1000012.png","ID":1000012.0,"ar":"en","en":"en"},{"Name":10004.0,"Screen Name":"Ice skating_Where to Play","Resolution":"752*499","File Name":"1000013.png","ID":1000013.0,"ar":"en","en":"en"},{"Name":10005.0,"Screen Name":"Ice skating_Gallery","Resolution":"510*240","File Name":"1000014.png","ID":1000014.0,"ar":"en","en":"en"},{"Name":10005.0,"Screen Name":"Ice skating_Gallery","Resolution":"510*240","File Name":"1000015.png","ID":1000015.0,"ar":"en","en":"en"},{"Name":10005.0,"Screen Name":"Ice skating_Gallery","Resolution":"510*240","File Name":"1000016.png","ID":1000016.0,"ar":"en","en":"en"},{"Name":10005.0,"Screen Name":"Ice skating_Gallery","Resolution":"510*240","File Name":"1000017.png","ID":1000017.0,"ar":"en","en":"en"},{"Name":10005.0,"Screen Name":"Ice skating_Gallery","Resolution":"510*240","File Name":"1000018.png","ID":1000018.0,"ar":"en","en":"en"},{"Name":10005.0,"Screen Name":"Ice skating_Gallery","Resolution":"510*240","File Name":"1000019.png","ID":1000019.0,"ar":"en","en":"en"},{"Name":10006.0,"Screen Name":"Horse Racing _Info","Resolution":"1920*1080","File Name":"1000020.png","ID":1000020.0,"ar":"en","en":"en"},{"Name":10006.0,"Screen Name":"Horse Racing _Info","Resolution":"1323*1010","File Name":"1000021.png","ID":1000021.0,"ar":"en","en":"en"},{"Name":10007.0,"Screen Name":"Horse Racing_Where to play","Resolution":"752*499","File Name":"1000022.png","ID":1000022.0,"ar":"en","en":"en"},{"Name":10008.0,"Screen Name":"Horse Racing_Gallery","Resolution":"510*240","File Name":"1000023.png","ID":1000023.0,"ar":"en","en":"en"},{"Name":10008.0,"Screen Name":"Horse Racing_Gallery","Resolution":"510*240","File Name":"1000024.png","ID":1000024.0,"ar":"en","en":"en"},{"Name":10008.0,"Screen Name":"Horse Racing_Gallery","Resolution":"510*240","File Name":"1000025.png","ID":1000025.0,"ar":"en","en":"en"},{"Name":10008.0,"Screen Name":"Horse Racing_Gallery","Resolution":"510*240","File Name":"1000026.png","ID":1000026.0,"ar":"en","en":"en"},{"Name":10008.0,"Screen Name":"Horse Racing_Gallery","Resolution":"510*240","File Name":"1000027.png","ID":1000027.0,"ar":"en","en":"en"},{"Name":10008.0,"Screen Name":"Horse Racing_Gallery","Resolution":"510*240","File Name":"1000028.png","ID":1000028.0,"ar":"en","en":"en"},{"Name":10009.0,"Screen Name":"sandboarding_Info","Resolution":"1920*1080","File Name":"1000029.png","ID":1000029.0,"ar":"en","en":"en"},{"Name":10009.0,"Screen Name":"sandboarding_Info","Resolution":"1323*1010","File Name":"1000030.png","ID":1000030.0,"ar":"en","en":"en"},{"Name":10010.0,"Screen Name":"sandboarding_where to play","Resolution":"752*499","File Name":"1000031.png","ID":1000031.0,"ar":"en","en":"en"},{"Name":10011.0,"Screen Name":"Sandboarding_Gallery","Resolution":"510*240","File Name":"1000032.png","ID":1000032.0,"ar":"en","en":"en"},{"Name":10011.0,"Screen Name":"Sandboarding_Gallery","Resolution":"510*240","File Name":"1000033.png","ID":1000033.0,"ar":"en","en":"en"},{"Name":10011.0,"Screen Name":"Sandboarding_Gallery","Resolution":"510*240","File Name":"1000034.png","ID":1000034.0,"ar":"en","en":"en"},{"Name":10011.0,"Screen Name":"Sandboarding_Gallery","Resolution":"510*240","File Name":"1000035.png","ID":1000035.0,"ar":"en","en":"en"},{"Name":10011.0,"Screen Name":"Sandboarding_Gallery","Resolution":"510*240","File Name":"1000036.png","ID":1000036.0,"ar":"en","en":"en"},{"Name":10011.0,"Screen Name":"Sandboarding_Gallery","Resolution":"510*240","File Name":"1000037.png","ID":1000037.0,"ar":"en","en":"en"},{"Name":10012.0,"Screen Name":"BunjeeJumping_Info","Resolution":"1920*1080","File Name":"1000038.png","ID":1000038.0,"ar":"en","en":"en"},{"Name":10012.0,"Screen Name":"BunjeeJumping_Info","Resolution":"1323*1010","File Name":"1000039.png","ID":1000039.0,"ar":"en","en":"en"},{"Name":10013.0,"Screen Name":"BunjeeJumping_Where to play","Resolution":"752*499","File Name":"1000040.png","ID":1000040.0,"ar":"en","en":"en"},{"Name":10014.0,"Screen Name":"BunjeeJumping_Gallery","Resolution":"510*240","File Name":"1000041.png","ID":1000041.0,"ar":"en","en":"en"},{"Name":10014.0,"Screen Name":"BunjeeJumping_Gallery","Resolution":"510*240","File Name":"1000042.png","ID":1000042.0,"ar":"en","en":"en"},{"Name":10014.0,"Screen Name":"BunjeeJumping_Gallery","Resolution":"510*240","File Name":"1000043.png","ID":1000043.0,"ar":"en","en":"en"},{"Name":10014.0,"Screen Name":"BunjeeJumping_Gallery","Resolution":"510*240","File Name":"1000044.png","ID":1000044.0,"ar":"en","en":"en"},{"Name":10014.0,"Screen Name":"BunjeeJumping_Gallery","Resolution":"510*240","File Name":"1000045.png","ID":1000045.0,"ar":"en","en":"en"},{"Name":10014.0,"Screen Name":"BunjeeJumping_Gallery","Resolution":"510*240","File Name":"1000046.png","ID":1000046.0,"ar":"en","en":"en"},{"Name":10015.0,"Screen Name":"Gymnastics_Info","Resolution":"1920*1080","File Name":"1000047.png","ID":1000047.0,"ar":"en","en":"en"},{"Name":10015.0,"Screen Name":"Gymnastics_Info","Resolution":"1323*1010","File Name":"1000048.png","ID":1000048.0,"ar":"en","en":"en"},{"Name":10016.0,"Screen Name":"Gymnastics_Where to play","Resolution":"752*499","File Name":"1000049.png","ID":1000049.0,"ar":"en","en":"en"},{"Name":10017.0,"Screen Name":"Gymnastics_Gallery","Resolution":"510*240","File Name":"1000050.png","ID":1000050.0,"ar":"en","en":"en"},{"Name":10017.0,"Screen Name":"Gymnastics_Gallery","Resolution":"510*240","File Name":"1000051.png","ID":1000051.0,"ar":"en","en":"en"},{"Name":10017.0,"Screen Name":"Gymnastics_Gallery","Resolution":"510*240","File Name":"1000052.png","ID":1000052.0,"ar":"en","en":"en"},{"Name":10017.0,"Screen Name":"Gymnastics_Gallery","Resolution":"510*240","File Name":"1000053.png","ID":1000053.0,"ar":"en","en":"en"},{"Name":10017.0,"Screen Name":"Gymnastics_Gallery","Resolution":"510*240","File Name":"1000054.png","ID":1000054.0,"ar":"en","en":"en"},{"Name":10017.0,"Screen Name":"Gymnastics_Gallery","Resolution":"510*240","File Name":"1000055.png","ID":1000055.0,"ar":"en","en":"en"}]},{"Audio":[]},{"Video":[{"Name":2001.0,"Screen Name":"Sandboarding_Video","Resolution":"1920*1080","File Name":"200001.png","ID":200001.0,"ar":"ar","en":"en"},{"Name":2002.0,"Screen Name":"Gymnastics_Video","Resolution":"1920*1080","File Name":"200002.png","ID":200002.0,"ar":"ar","en":"en"},{"Name":2003.0,"Screen Name":"Horse Racing_Video","Resolution":"1920*1080","File Name":"200003.png","ID":200003.0,"ar":"ar","en":"en"},{"Name":2004.0,"Screen Name":"Bungee jumping_Video","Resolution":"1920*1080","File Name":"200004.png","ID":200004.0,"ar":"ar","en":"en"},{"Name":2005.0,"Screen Name":"Ice Skating_Video","Resolution":"1920*1080","File Name":"200005.png","ID":200005.0,"ar":"ar","en":"en"}]}]}